ariana_grande,pop
ellie_goulding,pop
jonas_brothers,pop
pink,pop
justin_timberlake,pop
motley_crue,rock
queen,rock
pink_floyd,rock
metallica,rock
ac_dc,rock
bob_marley,reggae
burning_spear,reggae
steel_pulse,reggae
beres_hammond,reggae
buju_banton,reggae
jill_scott,r&b
maryj_blige,r&b
john_legend,r&b
marvin_gaye,r&b
joe,r&b
jayz,hiphop
jcole,hiphop
missy_elliott,hiphop
queen_latifah,hiphop
eve,hiphop
yolanda_adams,gospel
kirk_franklin,gospel
mary_mary,gospel
kurt_carr,gospel
donnie_mcclurkin,gospel